{"cameraMode":{"drawMode":0,"name":"Shaded","section":"Shading Mode"},"sceneLighting":true,"audioPlay":false,"sceneViewState":{"showFog":true,"showMaterialUpdate":false,"showSkybox":false,"showFlares":true,"showImageEffects":true,"showParticleSystems":true},"in2DMode":false,"pivot":{"x":90.99452209472656,"y":-4.105262756347656,"z":106.81533813476563},"rotation":{"x":-0.10259275138378144,"y":0.8620534539222717,"z":-0.1935063600540161,"w":-0.4570606052875519},"size":122.48440551757813,"orthographic":false}