{"cameraMode":{"drawMode":0,"name":"Shaded","section":"Shading Mode"},"sceneLighting":true,"audioPlay":false,"sceneViewState":{"showFog":true,"showMaterialUpdate":false,"showSkybox":true,"showFlares":true,"showImageEffects":true,"showParticleSystems":true},"in2DMode":false,"pivot":{"x":91.87714385986328,"y":1.866417646408081,"z":106.46495819091797},"rotation":{"x":0.008616372011601925,"y":0.9575418829917908,"z":0.02935299463570118,"w":-0.2871665954589844},"size":0.0060765743255615238,"orthographic":false}