{"cameraMode":{"drawMode":0,"name":"Shaded","section":"Shading Mode"},"sceneLighting":true,"audioPlay":false,"sceneViewState":{"showFog":true,"showMaterialUpdate":false,"showSkybox":false,"showFlares":true,"showImageEffects":true,"showParticleSystems":true},"in2DMode":false,"pivot":{"x":89.58454132080078,"y":1.2965788841247559,"z":105.46299743652344},"rotation":{"x":0.17718690633773805,"y":0.8230575323104858,"z":-0.37367984652519228,"w":0.38958102464675906},"size":1.9067230224609376,"orthographic":false}