{"cameraMode":{"drawMode":0,"name":"Shaded","section":"Shading Mode"},"sceneLighting":false,"audioPlay":false,"sceneViewState":{"showFog":true,"showMaterialUpdate":false,"showSkybox":false,"showFlares":true,"showImageEffects":true,"showParticleSystems":true},"in2DMode":false,"pivot":{"x":90.16091918945313,"y":0.6375771760940552,"z":105.2877426147461},"rotation":{"x":0.18917813897132874,"y":-0.765656590461731,"z":0.5569934248924255,"w":0.26067018508911135},"size":0.49857959151268008,"orthographic":false}