{"cameraMode":{"drawMode":0,"name":"Shaded","section":"Shading Mode"},"sceneLighting":true,"audioPlay":false,"sceneViewState":{"showFog":true,"showMaterialUpdate":false,"showSkybox":false,"showFlares":true,"showImageEffects":true,"showParticleSystems":true},"in2DMode":false,"pivot":{"x":90.99452209472656,"y":-4.105262756347656,"z":106.81533813476563},"rotation":{"x":-0.2756207287311554,"y":0.6150277853012085,"z":-0.24300223588943482,"w":-0.6978484988212586},"size":122.48440551757813,"orthographic":false}