{"cameraMode":{"drawMode":0,"name":"Shaded","section":"Shading Mode"},"sceneLighting":true,"audioPlay":false,"sceneViewState":{"showFog":true,"showMaterialUpdate":false,"showSkybox":true,"showFlares":true,"showImageEffects":true,"showParticleSystems":true},"in2DMode":false,"pivot":{"x":91.83382415771485,"y":1.1276642084121705,"z":106.65542602539063},"rotation":{"x":-0.3956807553768158,"y":0.003304676618427038,"z":-0.0014220591401681305,"w":-0.9183863997459412},"size":1.895824909210205,"orthographic":false}