{"cameraMode":{"drawMode":0,"name":"Shaded","section":"Shading Mode"},"sceneLighting":false,"audioPlay":false,"sceneViewState":{"showFog":true,"showMaterialUpdate":false,"showSkybox":false,"showFlares":true,"showImageEffects":true,"showParticleSystems":true},"in2DMode":false,"pivot":{"x":92.36813354492188,"y":0.7537838220596314,"z":107.2979507446289},"rotation":{"x":0.09400370717048645,"y":-0.8953457474708557,"z":0.2265615463256836,"w":0.37183165550231936},"size":0.20854179561138154,"orthographic":false}