{"cameraMode":{"drawMode":0,"name":"Shaded","section":"Shading Mode"},"sceneLighting":false,"audioPlay":false,"sceneViewState":{"showFog":true,"showMaterialUpdate":false,"showSkybox":false,"showFlares":true,"showImageEffects":true,"showParticleSystems":true},"in2DMode":false,"pivot":{"x":92.302001953125,"y":1.5541572570800782,"z":103.88800048828125},"rotation":{"x":0.015117289498448372,"y":-0.8102364540100098,"z":0.02091631107032299,"w":0.5855485200881958},"size":0.7368170022964478,"orthographic":false}