{"cameraMode":{"drawMode":0,"name":"Shaded","section":"Shading Mode"},"sceneLighting":false,"audioPlay":false,"sceneViewState":{"showFog":true,"showMaterialUpdate":false,"showSkybox":false,"showFlares":true,"showImageEffects":true,"showParticleSystems":true},"in2DMode":false,"pivot":{"x":92.32658386230469,"y":1.4376962184906006,"z":104.02136993408203},"rotation":{"x":-0.10376822203397751,"y":-0.49117743968963625,"z":-0.05907442793250084,"w":0.8628457188606262},"size":0.9287368655204773,"orthographic":false}