{"cameraMode":{"drawMode":0,"name":"Shaded","section":"Shading Mode"},"sceneLighting":true,"audioPlay":false,"sceneViewState":{"showFog":true,"showMaterialUpdate":false,"showSkybox":false,"showFlares":true,"showImageEffects":true,"showParticleSystems":true},"in2DMode":false,"pivot":{"x":90.62985229492188,"y":0.6430107355117798,"z":106.01950073242188},"rotation":{"x":0.010103782638907433,"y":-0.9592986702919006,"z":0.03487316519021988,"w":0.28043219447135928},"size":1.6945557594299317,"orthographic":false}