{"cameraMode":{"drawMode":0,"name":"Shaded","section":"Shading Mode"},"sceneLighting":false,"audioPlay":false,"sceneViewState":{"showFog":true,"showMaterialUpdate":false,"showSkybox":false,"showFlares":true,"showImageEffects":true,"showParticleSystems":true},"in2DMode":false,"pivot":{"x":92.41293334960938,"y":0.7538403272628784,"z":107.19820404052735},"rotation":{"x":0.09400370717048645,"y":-0.8953457474708557,"z":0.2265615463256836,"w":0.37183165550231936},"size":0.21374493837356568,"orthographic":false}