{"cameraMode":{"drawMode":0,"name":"Shaded","section":"Shading Mode"},"sceneLighting":false,"audioPlay":false,"sceneViewState":{"showFog":true,"showMaterialUpdate":false,"showSkybox":false,"showFlares":true,"showImageEffects":true,"showParticleSystems":true},"in2DMode":false,"pivot":{"x":-0.001976311206817627,"y":1.474531888961792,"z":-0.33325284719467165},"rotation":{"x":-0.007275753188878298,"y":-0.9837652444839478,"z":0.17475804686546327,"w":-0.04073447734117508},"size":1.7127609252929688,"orthographic":false}