{"cameraMode":{"drawMode":0,"name":"Shaded","section":"Shading Mode"},"sceneLighting":false,"audioPlay":false,"sceneViewState":{"showFog":true,"showMaterialUpdate":false,"showSkybox":false,"showFlares":true,"showImageEffects":true,"showParticleSystems":true},"in2DMode":false,"pivot":{"x":-0.000018715858459472656,"y":0.9317215085029602,"z":-0.0448126494884491},"rotation":{"x":-0.014094811864197255,"y":-0.9847715497016907,"z":0.14461159706115724,"w":-0.09570837020874024},"size":5.630506992340088,"orthographic":false}