{"cameraMode":{"drawMode":0,"name":"Shaded","section":"Shading Mode"},"sceneLighting":false,"audioPlay":false,"sceneViewState":{"showFog":true,"showMaterialUpdate":false,"showSkybox":false,"showFlares":true,"showImageEffects":true,"showParticleSystems":true},"in2DMode":false,"pivot":{"x":92.302001953125,"y":1.630000114440918,"z":103.88800048828125},"rotation":{"x":0.04871898517012596,"y":-0.6361910700798035,"z":0.04036558419466019,"w":0.7689666152000427},"size":0.6287368535995483,"orthographic":false}