{"cameraMode":{"drawMode":0,"name":"Shaded","section":"Shading Mode"},"sceneLighting":true,"audioPlay":false,"sceneViewState":{"showFog":true,"showMaterialUpdate":false,"showSkybox":false,"showFlares":true,"showImageEffects":true,"showParticleSystems":true},"in2DMode":false,"pivot":{"x":91.52225494384766,"y":2.0739898681640627,"z":105.82006072998047},"rotation":{"x":0.15342923998832704,"y":-0.343934029340744,"z":0.05700351297855377,"w":0.9246463775634766},"size":3.2249581813812258,"orthographic":false}