{"cameraMode":{"drawMode":0,"name":"Shaded","section":"Shading Mode"},"sceneLighting":false,"audioPlay":false,"sceneViewState":{"showFog":true,"showMaterialUpdate":false,"showSkybox":false,"showFlares":true,"showImageEffects":true,"showParticleSystems":true},"in2DMode":false,"pivot":{"x":92.3196029663086,"y":1.3000000715255738,"z":103.88800048828125},"rotation":{"x":0.018358923494815828,"y":0.9641134142875671,"z":0.06923634558916092,"w":-0.25564831495285036},"size":0.4455075263977051,"orthographic":false}