{"cameraMode":{"drawMode":0,"name":"Shaded","section":"Shading Mode"},"sceneLighting":false,"audioPlay":false,"sceneViewState":{"showFog":true,"showMaterialUpdate":false,"showSkybox":false,"showFlares":true,"showImageEffects":true,"showParticleSystems":true},"in2DMode":false,"pivot":{"x":92.15913391113281,"y":0.6299999952316284,"z":107.10406494140625},"rotation":{"x":0.0822896808385849,"y":0.3864060342311859,"z":-0.03466581553220749,"w":0.9180145263671875},"size":22.0,"orthographic":false}