{"cameraMode":{"drawMode":0,"name":"Shaded","section":"Shading Mode"},"sceneLighting":false,"audioPlay":false,"sceneViewState":{"showFog":true,"showMaterialUpdate":false,"showSkybox":false,"showFlares":true,"showImageEffects":true,"showParticleSystems":true},"in2DMode":false,"pivot":{"x":0.04061375558376312,"y":0.9999179840087891,"z":-12.397246360778809},"rotation":{"x":0.030164344236254693,"y":0.9645633101463318,"z":-0.23081207275390626,"w":0.12480859458446503},"size":0.20853832364082337,"orthographic":false}