{"cameraMode":{"drawMode":0,"name":"Shaded","section":"Shading Mode"},"sceneLighting":false,"audioPlay":false,"sceneViewState":{"showFog":true,"showMaterialUpdate":false,"showSkybox":false,"showFlares":true,"showImageEffects":true,"showParticleSystems":true},"in2DMode":false,"pivot":{"x":91.6050033569336,"y":1.3739999532699586,"z":107.29900360107422},"rotation":{"x":-0.26394274830818179,"y":-0.05839652195572853,"z":0.016009515151381494,"w":-0.9626399278640747},"size":22.0,"orthographic":false}