{"cameraMode":{"drawMode":0,"name":"Shaded","section":"Shading Mode"},"sceneLighting":false,"audioPlay":false,"sceneViewState":{"showFog":true,"showMaterialUpdate":false,"showSkybox":false,"showFlares":true,"showImageEffects":true,"showParticleSystems":true},"in2DMode":false,"pivot":{"x":2.0728485584259035,"y":1.3127025365829468,"z":-4.494196891784668},"rotation":{"x":0.34563085436820986,"y":-0.6491478681564331,"z":0.4252013862133026,"w":0.527619481086731},"size":1.7909138202667237,"orthographic":false}