{"cameraMode":{"drawMode":0,"name":"Shaded","section":"Shading Mode"},"sceneLighting":true,"audioPlay":false,"sceneViewState":{"showFog":true,"showMaterialUpdate":false,"showSkybox":true,"showFlares":true,"showImageEffects":true,"showParticleSystems":true},"in2DMode":false,"pivot":{"x":91.2522201538086,"y":-0.6756221055984497,"z":105.94342041015625},"rotation":{"x":0.2361634075641632,"y":0.7464078068733215,"z":-0.3367801904678345,"w":0.5232097506523132},"size":5.606531143188477,"orthographic":false}