{"cameraMode":{"drawMode":0,"name":"Shaded","section":"Shading Mode"},"sceneLighting":false,"audioPlay":false,"sceneViewState":{"showFog":true,"showMaterialUpdate":false,"showSkybox":false,"showFlares":true,"showImageEffects":true,"showParticleSystems":true},"in2DMode":false,"pivot":{"x":1.4486802816390992,"y":0.9685302972793579,"z":-2.733696222305298},"rotation":{"x":-0.5212682485580444,"y":-0.47806769609451296,"z":0.48095646500587466,"w":-0.5181422233581543},"size":0.24315108358860017,"orthographic":true}