{"cameraMode":{"drawMode":0,"name":"Shaded","section":"Shading Mode"},"sceneLighting":true,"audioPlay":false,"sceneViewState":{"showFog":true,"showMaterialUpdate":false,"showSkybox":false,"showFlares":true,"showImageEffects":true,"showParticleSystems":true},"in2DMode":false,"pivot":{"x":90.84249877929688,"y":2.8020668029785158,"z":105.56137084960938},"rotation":{"x":0.23681214451789857,"y":0.5687811970710754,"z":-0.17537052929401399,"w":0.7679356932640076},"size":90.4130630493164,"orthographic":false}