{"cameraMode":{"drawMode":0,"name":"Shaded","section":"Shading Mode"},"sceneLighting":true,"audioPlay":false,"sceneViewState":{"showFog":true,"showMaterialUpdate":false,"showSkybox":false,"showFlares":true,"showImageEffects":true,"showParticleSystems":true},"in2DMode":false,"pivot":{"x":0.11285513639450073,"y":1.1229074001312256,"z":0.2881609797477722},"rotation":{"x":0.07809097319841385,"y":0.9043166637420654,"z":-0.18886518478393556,"w":0.37492987513542178},"size":0.556902289390564,"orthographic":false}