{"cameraMode":{"drawMode":0,"name":"Shaded","section":"Shading Mode"},"sceneLighting":false,"audioPlay":false,"sceneViewState":{"showFog":true,"showMaterialUpdate":false,"showSkybox":false,"showFlares":true,"showImageEffects":true,"showParticleSystems":true},"in2DMode":false,"pivot":{"x":-0.00824381411075592,"y":0.013896510004997254,"z":0.035942353308200839},"rotation":{"x":0.249226912856102,"y":0.49572527408599856,"z":-0.15125301480293275,"w":0.818165123462677},"size":0.32733017206192019,"orthographic":false}