{"cameraMode":{"drawMode":0,"name":"Shaded","section":"Shading Mode"},"sceneLighting":false,"audioPlay":false,"sceneViewState":{"showFog":true,"showMaterialUpdate":false,"showSkybox":false,"showFlares":true,"showImageEffects":true,"showParticleSystems":true},"in2DMode":false,"pivot":{"x":-0.13467168807983399,"y":1.2044398784637452,"z":0.5158798694610596},"rotation":{"x":0.13647930324077607,"y":-0.47685256600379946,"z":0.07490748167037964,"w":0.8651641011238098},"size":7.0698089599609379,"orthographic":false}