{"cameraMode":{"drawMode":0,"name":"Shaded","section":"Shading Mode"},"sceneLighting":false,"audioPlay":false,"sceneViewState":{"showFog":true,"showMaterialUpdate":false,"showSkybox":false,"showFlares":true,"showImageEffects":true,"showParticleSystems":true},"in2DMode":false,"pivot":{"x":-0.22877228260040284,"y":0.6491823792457581,"z":-0.2690253257751465},"rotation":{"x":-0.11477303504943848,"y":-0.11355014890432358,"z":0.013476705178618431,"w":-0.9868830442428589},"size":2.367818832397461,"orthographic":false}