{"cameraMode":{"drawMode":0,"name":"Shaded","section":"Shading Mode"},"sceneLighting":false,"audioPlay":false,"sceneViewState":{"showFog":true,"showMaterialUpdate":false,"showSkybox":false,"showFlares":true,"showImageEffects":true,"showParticleSystems":true},"in2DMode":false,"pivot":{"x":0.04104546457529068,"y":0.979648232460022,"z":0.23534566164016725},"rotation":{"x":0.14621815085411073,"y":0.8528291583061218,"z":-0.3331124186515808,"w":0.3747851848602295},"size":7.77498197555542,"orthographic":false}