{"cameraMode":{"drawMode":0,"name":"Shaded","section":"Shading Mode"},"sceneLighting":true,"audioPlay":false,"sceneViewState":{"showFog":true,"showMaterialUpdate":false,"showSkybox":false,"showFlares":true,"showImageEffects":true,"showParticleSystems":true},"in2DMode":false,"pivot":{"x":90.79251861572266,"y":2.7365405559539797,"z":105.33793640136719},"rotation":{"x":0.05956897512078285,"y":-0.9378949403762817,"z":0.27512815594673159,"w":0.20356835424900056},"size":0.7119046449661255,"orthographic":false}