{"cameraMode":{"drawMode":0,"name":"Shaded","section":"Shading Mode"},"sceneLighting":false,"audioPlay":false,"sceneViewState":{"showFog":true,"showMaterialUpdate":false,"showSkybox":false,"showFlares":true,"showImageEffects":true,"showParticleSystems":true},"in2DMode":false,"pivot":{"x":92.39366912841797,"y":0.7538658976554871,"z":107.25104522705078},"rotation":{"x":0.13647930324077607,"y":-0.47685256600379946,"z":0.07490748167037964,"w":0.8651641011238098},"size":0.22266142070293427,"orthographic":false}