{"cameraMode":{"drawMode":0,"name":"Shaded","section":"Shading Mode"},"sceneLighting":false,"audioPlay":false,"sceneViewState":{"showFog":true,"showMaterialUpdate":false,"showSkybox":false,"showFlares":true,"showImageEffects":true,"showParticleSystems":true},"in2DMode":false,"pivot":{"x":0.03982862830162048,"y":0.07819418609142304,"z":-0.02783621847629547},"rotation":{"x":0.12124767154455185,"y":0.8621942400932312,"z":-0.24602973461151124,"w":0.4261780381202698},"size":0.6000572443008423,"orthographic":false}