{"cameraMode":{"drawMode":0,"name":"Shaded","section":"Shading Mode"},"sceneLighting":false,"audioPlay":false,"sceneViewState":{"showFog":true,"showMaterialUpdate":false,"showSkybox":false,"showFlares":true,"showImageEffects":true,"showParticleSystems":true},"in2DMode":false,"pivot":{"x":-3.5866317749023439,"y":-0.21082818508148194,"z":1.0338821411132813},"rotation":{"x":-0.22534723579883576,"y":-0.6555832028388977,"z":0.2151474952697754,"w":-0.6879624128341675},"size":22.0,"orthographic":false}