{"cameraMode":{"drawMode":0,"name":"Shaded","section":"Shading Mode"},"sceneLighting":false,"audioPlay":false,"sceneViewState":{"showFog":true,"showMaterialUpdate":false,"showSkybox":false,"showFlares":true,"showImageEffects":true,"showParticleSystems":true},"in2DMode":false,"pivot":{"x":91.67515563964844,"y":0.9300000071525574,"z":106.852294921875},"rotation":{"x":-0.22534723579883576,"y":-0.6555832028388977,"z":0.2151474952697754,"w":-0.6879624128341675},"size":1.2996050119400025,"orthographic":false}