{"cameraMode":{"drawMode":0,"name":"Shaded","section":"Shading Mode"},"sceneLighting":false,"audioPlay":false,"sceneViewState":{"showFog":true,"showMaterialUpdate":false,"showSkybox":false,"showFlares":true,"showImageEffects":true,"showParticleSystems":true},"in2DMode":false,"pivot":{"x":92.33138275146485,"y":1.3540618419647217,"z":104.25862884521485},"rotation":{"x":-0.04772922024130821,"y":0.7501099705696106,"z":-0.05424327403306961,"w":-0.6574748158454895},"size":0.12684929370880128,"orthographic":false}