{"cameraMode":{"drawMode":0,"name":"Shaded","section":"Shading Mode"},"sceneLighting":true,"audioPlay":false,"sceneViewState":{"showFog":true,"showMaterialUpdate":false,"showSkybox":false,"showFlares":true,"showImageEffects":true,"showParticleSystems":true},"in2DMode":false,"pivot":{"x":0.9258639812469482,"y":1.0317001342773438,"z":2.027872323989868},"rotation":{"x":0.19886663556098939,"y":0.7092723250389099,"z":-0.22095265984535218,"w":0.6392919421195984},"size":4.68256950378418,"orthographic":false}