{"cameraMode":{"drawMode":0,"name":"Shaded","section":"Shading Mode"},"sceneLighting":true,"audioPlay":false,"sceneViewState":{"showFog":true,"showMaterialUpdate":false,"showSkybox":false,"showFlares":true,"showImageEffects":true,"showParticleSystems":true},"in2DMode":false,"pivot":{"x":0.14518171548843385,"y":0.08816766738891602,"z":0.74439537525177},"rotation":{"x":0.4678835868835449,"y":0.5008803009986877,"z":-0.3760673403739929,"w":0.6236218214035034},"size":5.482120037078857,"orthographic":false}