{"cameraMode":{"drawMode":0,"name":"Shaded","section":"Shading Mode"},"sceneLighting":true,"audioPlay":false,"sceneViewState":{"showFog":true,"showMaterialUpdate":false,"showSkybox":false,"showFlares":true,"showImageEffects":true,"showParticleSystems":true},"in2DMode":false,"pivot":{"x":0.011105537414550782,"y":0.009620189666748047,"z":-0.007297992706298828},"rotation":{"x":0.249226912856102,"y":0.49572527408599856,"z":-0.15125301480293275,"w":0.818165123462677},"size":6.829916954040527,"orthographic":false}