{"cameraMode":{"drawMode":0,"name":"Shaded","section":"Shading Mode"},"sceneLighting":false,"audioPlay":false,"sceneViewState":{"showFog":true,"showMaterialUpdate":false,"showSkybox":false,"showFlares":true,"showImageEffects":true,"showParticleSystems":true},"in2DMode":false,"pivot":{"x":92.302001953125,"y":1.630000114440918,"z":104.06900024414063},"rotation":{"x":0.005138065665960312,"y":0.9209070205688477,"z":0.012148413807153702,"w":-0.3895699381828308},"size":0.6287368535995483,"orthographic":false}