{"cameraMode":{"drawMode":0,"name":"Shaded","section":"Shading Mode"},"sceneLighting":false,"audioPlay":false,"sceneViewState":{"showFog":true,"showMaterialUpdate":false,"showSkybox":false,"showFlares":true,"showImageEffects":true,"showParticleSystems":true},"in2DMode":false,"pivot":{"x":92.34403991699219,"y":1.3535449504852296,"z":104.23143005371094},"rotation":{"x":0.10980338603258133,"y":-0.7400537729263306,"z":0.1245851218700409,"w":0.6519818902015686},"size":0.7731507420539856,"orthographic":false}