{"cameraMode":{"drawMode":0,"name":"Shaded","section":"Shading Mode"},"sceneLighting":true,"audioPlay":false,"sceneViewState":{"showFog":true,"showMaterialUpdate":false,"showSkybox":true,"showFlares":true,"showImageEffects":true,"showParticleSystems":true},"in2DMode":false,"pivot":{"x":91.81087493896485,"y":0.6782369613647461,"z":106.83344268798828},"rotation":{"x":-0.09505994617938996,"y":0.8719989657402039,"z":-0.1875104457139969,"w":-0.44206732511520388},"size":1.0959877967834473,"orthographic":false}