{"cameraMode":{"drawMode":0,"name":"Shaded","section":"Shading Mode"},"sceneLighting":true,"audioPlay":false,"sceneViewState":{"showFog":true,"showMaterialUpdate":false,"showSkybox":false,"showFlares":true,"showImageEffects":true,"showParticleSystems":true},"in2DMode":false,"pivot":{"x":90.84249877929688,"y":2.8020668029785158,"z":105.56137084960938},"rotation":{"x":-0.20168158411979676,"y":0.7983055710792542,"z":-0.40381574630737307,"w":-0.39870530366897585},"size":90.4130630493164,"orthographic":false}