{"cameraMode":{"drawMode":0,"name":"Shaded","section":"Shading Mode"},"sceneLighting":false,"audioPlay":false,"sceneViewState":{"showFog":true,"showMaterialUpdate":false,"showSkybox":false,"showFlares":true,"showImageEffects":true,"showParticleSystems":true},"in2DMode":false,"pivot":{"x":-0.4618799388408661,"y":-0.12815392017364503,"z":0.16479066014289857},"rotation":{"x":0.10532348603010178,"y":-0.5721518397331238,"z":0.07439885288476944,"w":0.8099570870399475},"size":0.5579222440719605,"orthographic":false}