{"cameraMode":{"drawMode":0,"name":"Shaded","section":"Shading Mode"},"sceneLighting":false,"audioPlay":false,"sceneViewState":{"showFog":true,"showMaterialUpdate":false,"showSkybox":false,"showFlares":true,"showImageEffects":true,"showParticleSystems":true},"in2DMode":false,"pivot":{"x":90.11367797851563,"y":0.6987217664718628,"z":107.92127227783203},"rotation":{"x":-0.20168158411979676,"y":0.7983055710792542,"z":-0.40381574630737307,"w":-0.39870530366897585},"size":12.842961311340332,"orthographic":false}