{"cameraMode":{"drawMode":0,"name":"Shaded","section":"Shading Mode"},"sceneLighting":true,"audioPlay":false,"sceneViewState":{"showFog":true,"showMaterialUpdate":false,"showSkybox":true,"showFlares":true,"showImageEffects":true,"showParticleSystems":true},"in2DMode":false,"pivot":{"x":93.11311340332031,"y":0.7326850295066834,"z":107.36038208007813},"rotation":{"x":-0.3792524039745331,"y":-0.24048136174678803,"z":0.10276058316230774,"w":-0.8875771164894104},"size":0.03027668222784996,"orthographic":false}