{"cameraMode":{"drawMode":0,"name":"Shaded","section":"Shading Mode"},"sceneLighting":false,"audioPlay":false,"sceneViewState":{"showFog":true,"showMaterialUpdate":false,"showSkybox":false,"showFlares":true,"showImageEffects":true,"showParticleSystems":true},"in2DMode":false,"pivot":{"x":93.01759338378906,"y":0.7867379188537598,"z":107.40123748779297},"rotation":{"x":-0.4307897686958313,"y":-0.17591208219528199,"z":0.08602357655763626,"w":-0.8809605836868286},"size":0.23637472093105317,"orthographic":false}