{"cameraMode":{"drawMode":0,"name":"Shaded","section":"Shading Mode"},"sceneLighting":false,"audioPlay":false,"sceneViewState":{"showFog":true,"showMaterialUpdate":false,"showSkybox":false,"showFlares":true,"showImageEffects":true,"showParticleSystems":true},"in2DMode":false,"pivot":{"x":0.0,"y":0.8900176286697388,"z":0.2590305805206299},"rotation":{"x":0.14845916628837586,"y":-0.7937963604927063,"z":0.21394723653793336,"w":0.5498562455177307},"size":3.9142630100250246,"orthographic":false}