{"cameraMode":{"drawMode":0,"name":"Shaded","section":"Shading Mode"},"sceneLighting":false,"audioPlay":false,"sceneViewState":{"showFog":true,"showMaterialUpdate":false,"showSkybox":false,"showFlares":true,"showImageEffects":true,"showParticleSystems":true},"in2DMode":false,"pivot":{"x":93.00865173339844,"y":0.7955008745193481,"z":107.34883117675781},"rotation":{"x":0.07972710579633713,"y":-0.7318801879882813,"z":0.08652187883853913,"w":0.6713997721672058},"size":0.2161213606595993,"orthographic":false}