{"cameraMode":{"drawMode":0,"name":"Shaded","section":"Shading Mode"},"sceneLighting":false,"audioPlay":false,"sceneViewState":{"showFog":true,"showMaterialUpdate":false,"showSkybox":false,"showFlares":true,"showImageEffects":true,"showParticleSystems":true},"in2DMode":false,"pivot":{"x":92.967529296875,"y":0.7981191277503967,"z":107.30215454101563},"rotation":{"x":0.07972710579633713,"y":-0.7318801879882813,"z":0.08652187883853913,"w":0.6713997721672058},"size":0.2417602688074112,"orthographic":false}