{"cameraMode":{"drawMode":0,"name":"Shaded","section":"Shading Mode"},"sceneLighting":false,"audioPlay":false,"sceneViewState":{"showFog":true,"showMaterialUpdate":false,"showSkybox":false,"showFlares":true,"showImageEffects":true,"showParticleSystems":true},"in2DMode":false,"pivot":{"x":92.94084930419922,"y":0.7860000133514404,"z":107.34534454345703},"rotation":{"x":0.024998191744089128,"y":-0.974073052406311,"z":0.18267282843589784,"w":0.13212332129478455},"size":0.18956290185451508,"orthographic":false}