{"cameraMode":{"drawMode":0,"name":"Shaded","section":"Shading Mode"},"sceneLighting":true,"audioPlay":false,"sceneViewState":{"showFog":true,"showMaterialUpdate":false,"showSkybox":false,"showFlares":true,"showImageEffects":true,"showParticleSystems":true},"in2DMode":false,"pivot":{"x":90.84249877929688,"y":2.8020668029785158,"z":105.56137084960938},"rotation":{"x":-0.1479972004890442,"y":-0.4807800054550171,"z":0.08285517245531082,"w":-0.8604491949081421},"size":90.4130630493164,"orthographic":false}