{"cameraMode":{"drawMode":0,"name":"Shaded","section":"Shading Mode"},"sceneLighting":false,"audioPlay":false,"sceneViewState":{"showFog":true,"showMaterialUpdate":false,"showSkybox":false,"showFlares":true,"showImageEffects":true,"showParticleSystems":true},"in2DMode":false,"pivot":{"x":-0.14485761523246766,"y":-0.025366121903061868,"z":0.02184445783495903},"rotation":{"x":-0.11715632677078247,"y":-0.6250745058059692,"z":0.0956260934472084,"w":-0.7657843232154846},"size":0.6224750876426697,"orthographic":false}