{"cameraMode":{"drawMode":0,"name":"Shaded","section":"Shading Mode"},"sceneLighting":false,"audioPlay":false,"sceneViewState":{"showFog":true,"showMaterialUpdate":false,"showSkybox":false,"showFlares":true,"showImageEffects":true,"showParticleSystems":true},"in2DMode":false,"pivot":{"x":92.98622131347656,"y":0.7921422719955444,"z":107.38583374023438},"rotation":{"x":-0.032676029950380328,"y":-0.9552111625671387,"z":0.11612315475940705,"w":-0.27071788907051089},"size":0.21767686307430268,"orthographic":false}