{"cameraMode":{"drawMode":0,"name":"Shaded","section":"Shading Mode"},"sceneLighting":false,"audioPlay":false,"sceneViewState":{"showFog":true,"showMaterialUpdate":false,"showSkybox":false,"showFlares":true,"showImageEffects":true,"showParticleSystems":true},"in2DMode":false,"pivot":{"x":92.95162963867188,"y":0.8095122575759888,"z":107.37576293945313},"rotation":{"x":0.012587382458150387,"y":-0.9792067408561707,"z":0.06262390315532685,"w":0.1932435780763626},"size":0.36434128880500796,"orthographic":false}