{"cameraMode":{"drawMode":0,"name":"Shaded","section":"Shading Mode"},"sceneLighting":true,"audioPlay":false,"sceneViewState":{"showFog":true,"showMaterialUpdate":false,"showSkybox":false,"showFlares":true,"showImageEffects":true,"showParticleSystems":true},"in2DMode":false,"pivot":{"x":1.1260302066802979,"y":1.7958307266235352,"z":-0.409940242767334},"rotation":{"x":-0.1801322102546692,"y":-0.15072959661483766,"z":0.027942020446062089,"w":-0.9716333150863648},"size":1.3284680843353272,"orthographic":false}