{"cameraMode":{"drawMode":0,"name":"Shaded","section":"Shading Mode"},"sceneLighting":false,"audioPlay":false,"sceneViewState":{"showFog":true,"showMaterialUpdate":false,"showSkybox":false,"showFlares":true,"showImageEffects":true,"showParticleSystems":true},"in2DMode":false,"pivot":{"x":215.99923706054688,"y":3.929440975189209,"z":235.2643280029297},"rotation":{"x":0.0004067614208906889,"y":-0.9995989203453064,"z":-0.019185280427336694,"w":-0.02188768982887268},"size":12.589165687561036,"orthographic":false}