{"cameraMode":{"drawMode":0,"name":"Shaded","section":"Shading Mode"},"sceneLighting":false,"audioPlay":false,"sceneViewState":{"showFog":true,"showMaterialUpdate":false,"showSkybox":false,"showFlares":true,"showImageEffects":true,"showParticleSystems":true},"in2DMode":false,"pivot":{"x":0.007147990167140961,"y":1.0072910785675049,"z":-0.005477230995893478},"rotation":{"x":0.1459828019142151,"y":-0.7915006875991821,"z":0.2078540027141571,"w":0.5558986663818359},"size":0.12877517938613892,"orthographic":false}