{"cameraMode":{"drawMode":0,"name":"Shaded","section":"Shading Mode"},"sceneLighting":false,"audioPlay":false,"sceneViewState":{"showFog":true,"showMaterialUpdate":false,"showSkybox":false,"showFlares":true,"showImageEffects":true,"showParticleSystems":true},"in2DMode":false,"pivot":{"x":-0.1556956171989441,"y":-0.08430446684360504,"z":-0.028300222009420396},"rotation":{"x":0.13486051559448243,"y":-0.7917611598968506,"z":0.1889878511428833,"w":0.5649962425231934},"size":0.3010268807411194,"orthographic":false}