{"cameraMode":{"drawMode":0,"name":"Shaded","section":"Shading Mode"},"sceneLighting":false,"audioPlay":false,"sceneViewState":{"showFog":true,"showMaterialUpdate":false,"showSkybox":false,"showFlares":true,"showImageEffects":true,"showParticleSystems":true},"in2DMode":false,"pivot":{"x":92.17147827148438,"y":0.7300000190734863,"z":107.19654846191406},"rotation":{"x":-0.06373348087072373,"y":0.9128389358520508,"z":-0.15651628375053407,"w":-0.3717089593410492},"size":0.7074583172798157,"orthographic":false}